TCGA,Age,Gender,Race,T,M,N,AJCC,histological_type,histological_grade,lymphovascular_invasion_present,treatment_outcome_first_course,Treatment,TIL Score,TIL,Mitotic Activity,Mitotic_group,OS_status,OS,PFS_status,PFS,PFS_3YEAR,CT-Fusion,IM-Path,AdiposeRad,CT-Fusion + IM-Path,AdiposeRad + IM-Path,CT-Fusion + AdiposeRad,IMPACT-Fusion-Cox,IMPACT-Fusion
TCGA-4Z-AA7M,65,0,0,2,M0,0,III,Muscle invasive urothelial carcinoma (pT2 or above),High Grade,No,Complete Remission/Response,0,-0.61882,0,5.41844,1,0,17,0,17,0,-0.130218,0.262215,-1.117936,0.058016,0.175202,0.047339,0.599915,0.049282
TCGA-4Z-AA7O,64,0,1,2,M0,0,II,Muscle invasive urothelial carcinoma (pT2 or above),High Grade,Yes,Complete Remission/Response,0,-0.548171,1,6.346154,1,0,17,0,17,0,-0.007085,0.395184,-1.380857,0.481222,0.273372,0.193057,3.389249,0.400398
TCGA-4Z-AA7S,66,0,1,4,M0,0,III,Muscle invasive urothelial carcinoma (pT2 or above),High Grade,No,[Not Applicable],0,-0.666528,0,7.73913,1,1,35,1,35,1,0.021938,0.278262,-1.119396,0.371663,0.19015,0.281974,2.700434,0.321332
TCGA-4Z-AA7W,55,0,0,2,M0,0,II,Muscle invasive urothelial carcinoma (pT2 or above),High Grade,No,Complete Remission/Response,0,-0.635007,0,11.690909,1,0,28,1,25,1,0.000727,0.477484,-1.123441,0.654652,0.452372,0.227143,5.191312,0.607528
TCGA-4Z-AA7Y,60,0,0,2,M0,0,II,Muscle invasive urothelial carcinoma (pT2 or above),High Grade,No,Complete Remission/Response,0,-0.532849,1,7.245283,1,0,51,0,51,0,-0.120777,0.455898,-0.702361,0.225945,0.526427,0.06222,1.503925,0.232422
TCGA-4Z-AA80,73,0,0,4,M0,0,II,Muscle invasive urothelial carcinoma (pT2 or above),High Grade,No,[Not Applicable],1,-0.433501,1,9.66129,1,1,0.63,1,0.63,1,0.282409,0.603736,-0.4367,0.969315,0.875392,0.537736,202.976408,0.972527
TCGA-4Z-AA81,80,0,0,2,M0,0,II,Muscle invasive urothelial carcinoma (pT2 or above),High Grade,No,Complete Remission/Response,0,-0.572555,1,4.06,1,1,42,1,42,0,-0.08063,0.276015,-0.633283,0.120568,0.276348,0.10522,1.621607,0.12518
TCGA-4Z-AA82,59,0,1,2,M0,1,IV,Muscle invasive urothelial carcinoma (pT2 or above),High Grade,No,Complete Remission/Response,0,-0.59404,0,4.127907,1,1,52,1,38.3,0,-0.008759,0.251432,-0.812762,0.239614,0.213623,0.225616,1.801843,0.227376
TCGA-4Z-AA84,61,0,0,3,M1,2,IV,Muscle invasive urothelial carcinoma (pT2 or above),High Grade,Yes,Progressive Disease,0,-0.547169,1,5.039216,1,0,15,0,15,0,0.052003,0.345795,-0.928801,0.597421,0.304721,0.388797,4.789718,0.564118
TCGA-4Z-AA86,66,0,1,3,M0,1,IV,Muscle invasive urothelial carcinoma (pT2 or above),High Grade,Yes,Complete Remission/Response,0,-0.530789,1,4.715726,1,1,10,1,4.5,1,0.019947,0.357459,-0.863192,0.507165,0.33549,0.29679,3.721031,0.483654
TCGA-CU-A0YO,84,0,0,3,MX,2,IV,Muscle invasive urothelial carcinoma (pT2 or above),High Grade,Yes,Complete Remission/Response,0,-0.421879,1,4.896896,1,1,5,1,4,1,0.070406,0.535818,-0.276935,0.385954,0.740821,0.512477,20.527563,0.903042
TCGA-CU-A0YR,83,0,0,2,M0,2,IV,Muscle invasive urothelial carcinoma (pT2 or above),High Grade,Yes,Complete Remission/Response,0,-0.494393,1,4.388235,1,1,15,1,7.3,1,0.015419,0.399551,-1.258107,0.568093,0.854187,0.474156,6.814336,0.767514
TCGA-CU-A3KJ,75,0,0,3,M0,0,III,Muscle invasive urothelial carcinoma (pT2 or above),High Grade,No,Progressive Disease,0,-0.424829,1,2.177419,1,0,19,1,5.5,1,0.054103,0.418252,0.811325,0.222445,0.806306,0.562027,10.635051,0.839259
TCGA-CU-A3QU,58,0,0,2,M0,1,IV,Muscle invasive urothelial carcinoma (pT2 or above),High Grade,Yes,Complete Remission/Response,0,-0.6481,0,0.145749,0,0,5,0,5,0,0.16012,0.108725,-0.993069,0.544081,0.083709,0.729497,4.809931,0.488933
TCGA-DK-A1A5,79,0,0,2,M0,0,II,Muscle invasive urothelial carcinoma (pT2 or above),High Grade,Yes,Complete Remission/Response,0,-0.51734,1,4.146141,1,1,2,1,2,1,-0.091246,0.55544,-0.190224,0.174627,0.499202,0.107803,4.858072,0.215843
TCGA-DK-A1A6,53,0,0,2,M0,1,III,Muscle invasive urothelial carcinoma (pT2 or above),High Grade,Yes,Complete Remission/Response,0,-0.546134,1,1.387538,0,0,67,0,67,0,-0.018295,0.224219,-1.531961,0.184056,0.098297,0.162319,1.46554,0.13026
TCGA-DK-A1AA,57,0,0,3,M0,0,III,Muscle invasive urothelial carcinoma (pT2 or above),High Grade,,Complete Remission/Response,1,-0.592094,0,1.279551,0,0,19,0,19,0,0.114735,0.17443,-0.605733,0.50497,0.171102,0.62835,6.628674,0.500796
TCGA-DK-A2HX,80,1,0,3,M0,2,IV,Muscle invasive urothelial carcinoma (pT2 or above),High Grade,Yes,[Not Available],0,-0.607826,0,3.68744,1,1,47,1,47,0,-0.033483,0.222152,0.14774,0.152086,0.377647,0.231897,2.008611,0.210239
TCGA-DK-A3IK,87,0,0,3,M0,2,IV,Muscle invasive urothelial carcinoma (pT2 or above),High Grade,Yes,Complete Remission/Response,1,-0.616575,1,2.172557,1,1,5,1,5,1,0.063446,0.173279,-0.675321,0.329295,0.160193,0.450464,4.065567,0.322086
TCGA-DK-A3IM,76,0,0,3,M0,0,III,Muscle invasive urothelial carcinoma (pT2 or above),High Grade,,Complete Remission/Response,0,-0.638928,1,2.526178,1,1,8,1,6.7,1,0.052299,0.161507,-1.959575,0.27789,0.045047,0.300033,2.180504,0.168512
TCGA-DK-A3IN,72,0,0,4,M0,0,III,Muscle invasive urothelial carcinoma (pT2 or above),High Grade,,Complete Remission/Response,0,-0.441316,1,2.338947,1,1,8,1,8,1,-0.095129,0.399183,-0.450619,0.216437,0.50144,0.093902,2.397472,0.241803
TCGA-DK-A3WW,57,0,0,3,M0,0,III,Muscle invasive urothelial carcinoma (pT2 or above),High Grade,No,Complete Remission/Response,2,-0.596668,0,4.911442,1,0,21,0,21,0,0.033044,0.273504,-0.594835,0.400464,0.28111,0.358744,4.688855,0.406013
TCGA-DK-A6B0,61,0,0,2,M0,0,II,Muscle invasive urothelial carcinoma (pT2 or above),High Grade,No,Complete Remission/Response,0,-0.57068,1,1.092366,0,0,78,0,78,0,-0.143539,0.190268,-0.761979,0.029211,0.162681,0.045423,0.388696,0.029101
TCGA-DK-AA6M,64,1,0,2,M0,0,II,Muscle invasive urothelial carcinoma (pT2 or above),High Grade,,Partial Remission/Response,0,-0.617308,0,0.30622,0,0,53,0,53,0,-0.015147,0.13248,-1.177288,0.107293,0.080749,0.188303,1.018985,0.085701
TCGA-DK-AA6Q,61,1,0,2,M0,1,IV,Muscle invasive urothelial carcinoma (pT2 or above),High Grade,Yes,Progressive Disease,0,-0.49625,1,4.217213,1,1,14,1,9.5,1,0.211776,0.389872,-1.420663,0.951208,0.258798,0.821808,26.123409,0.927526
TCGA-DK-AA74,75,0,0,3,M0,0,III,Muscle invasive urothelial carcinoma (pT2 or above),High Grade,No,Complete Remission/Response,0,-0.654019,0,1.737374,0,0,57,0,57,0,0.171947,0.132867,-1.255869,0.627338,0.075112,0.740991,5.963904,0.543025
TCGA-DK-AA75,82,0,0,3,M0,0,III,Muscle invasive urothelial carcinoma (pT2 or above),High Grade,Yes,Stable Disease,0,-0.435355,1,4.505929,1,1,11,1,11,1,0.190727,0.497901,-0.861959,0.969739,0.5517,0.81134,34.027043,0.965352
TCGA-DK-AA76,64,1,0,2,M0,0,II,Muscle invasive urothelial carcinoma (pT2 or above),High Grade,No,Complete Remission/Response,2,-0.568047,1,0.381818,0,0,12,0,12,0,-0.102556,0.17507,-1.421575,0.045754,0.082113,0.060456,0.536116,0.033238
TCGA-DK-AA77,61,0,0,2,M0,0,II,Muscle invasive urothelial carcinoma (pT2 or above),High Grade,No,Stable Disease,1,-0.648759,0,1.03125,0,0,21,1,15.6,1,0.07317,0.123459,-0.768903,0.280832,0.112167,0.47431,2.255642,0.264123
TCGA-FD-A3B6,75,0,0,2,MX,0,II,Muscle invasive urothelial carcinoma (pT2 or above),High Grade,,Complete Remission/Response,0,-0.594858,0,0.424805,0,1,34,1,34,1,-0.072343,0.152495,-0.826308,0.058541,0.125213,0.108846,0.647214,0.055267
TCGA-FD-A43S,71,1,0,3,MX,0,III,Muscle invasive urothelial carcinoma (pT2 or above),High Grade,,Complete Remission/Response,2,-0.588815,0,1.341418,0,0,15,0,15,0,0.038099,0.178999,-0.944724,0.263751,0.130335,0.343556,2.05553,0.235277
TCGA-FD-A43U,70,0,0,4,MX,2,IV,Muscle invasive urothelial carcinoma (pT2 or above),High Grade,,Complete Remission/Response,2,-0.564624,1,0.648481,0,0,21,1,16.6,1,-0.217625,0.184892,-0.52617,0.01008,0.193158,0.018691,0.301306,0.011493
TCGA-FD-A43Y,65,0,0,4,MX,0,III,Muscle invasive urothelial carcinoma (pT2 or above),High Grade,,Complete Remission/Response,0,-0.536491,1,0.689972,0,1,16,1,16,1,0.08006,0.214858,-1.277449,0.457159,0.117794,0.44869,3.561224,0.379034
TCGA-FD-A5BT,84,0,0,3,MX,0,III,Muscle invasive urothelial carcinoma (pT2 or above),High Grade,,[Not Applicable],0,-0.635262,0,2.368785,1,1,11,1,11,1,0.021634,0.161134,-0.312281,0.199433,0.204263,0.34829,2.601289,0.224985
TCGA-FD-A5BU,76,1,1,2,MX,0,II,Muscle invasive urothelial carcinoma (pT2 or above),High Grade,,Complete Remission/Response,0,-0.513843,1,0.272251,0,0,20,0,20,0,-0.042513,0.2279,-0.639595,0.141442,0.218579,0.164523,1.890564,0.144323
TCGA-FD-A5BX,82,0,0,3,MX,1,IV,Muscle invasive urothelial carcinoma (pT2 or above),High Grade,Yes,Progressive Disease,0,-0.634048,0,2.245353,1,1,6,1,3.3,1,0.036958,0.29407,-1.052414,0.450838,0.217566,0.330781,3.329654,0.403285
TCGA-FD-A5C1,61,1,0,3,MX,0,III,Muscle invasive urothelial carcinoma (pT2 or above),High Grade,,Complete Remission/Response,2,-0.550878,1,0.217611,0,0,60,0,60,0,-0.124084,0.18736,-0.063444,0.0373,0.281416,0.075119,0.736033,0.050747
TCGA-FD-A62P,76,0,0,2,MX,0,II,Muscle invasive urothelial carcinoma (pT2 or above),High Grade,,[Not Applicable],0,-0.543159,1,0.35681,0,1,6.4,1,6.4,1,0.064157,0.298705,-1.011261,0.554797,0.230026,0.420895,4.390122,0.509108
TCGA-FD-A6TE,54,0,0,3,MX,2,IV,Muscle invasive urothelial carcinoma (pT2 or above),High Grade,Yes,[Unknown],0,-0.527777,1,0.316547,0,0,13,1,10.7,1,0.061098,0.213775,-0.506678,0.390082,0.226783,0.458729,4.730034,0.402339
TCGA-G2-A2EF,50,0,0,2,M0,0,II,Muscle invasive urothelial carcinoma (pT2 or above),High Grade,,Partial Remission/Response,1,-0.561918,1,0.487721,0,0,63,0,63,0,-0.08006,0.183466,-1.258708,0.065441,0.100375,0.085119,0.687171,0.051131
TCGA-G2-A2EK,57,0,0,2,M0,0,II,Muscle invasive urothelial carcinoma (pT2 or above),High Grade,,Stable Disease,2,-0.527295,1,0.491713,0,0,16,1,16,1,0.081119,0.219266,-1.643773,0.468921,0.086052,0.417439,3.665575,0.349616
TCGA-G2-A3IB,66,0,1,2,MX,0,II,Muscle invasive urothelial carcinoma (pT2 or above),High Grade,,Progressive Disease,1,-0.563874,1,1.976692,1,1,7,1,7,1,0.041697,0.221535,-0.59347,0.339983,0.219807,0.386346,4.071999,0.343799
TCGA-G2-A3IE,51,0,0,2,MX,0,II,Muscle invasive urothelial carcinoma (pT2 or above),High Grade,,Progressive Disease,1,-0.44353,1,0.66785,0,1,20,1,20.4,1,0.08921,0.331282,-0.815843,0.692634,0.309912,0.524224,6.393835,0.671707
TCGA-G2-AA3C,66,0,0,3,M0,1,IV,Muscle invasive urothelial carcinoma (pT2 or above),High Grade,Yes,[Unknown],2,-0.480878,1,3.298682,1,1,7,1,7,1,0.012065,0.376926,-0.507916,0.215145,0.45159,0.30316,5.992034,0.534869
TCGA-G2-AA3F,77,0,0,2,M0,1,IV,Muscle invasive urothelial carcinoma (pT2 or above),High Grade,Yes,Partial Remission/Response,1,-0.569594,1,1.639509,0,0,30,0,30,0,0.002233,0.205896,-0.939423,0.20843,0.151595,0.243635,1.644425,0.186921
TCGA-K4-A3WU,87,0,0,2,MX,0,III,Muscle invasive urothelial carcinoma (pT2 or above),High Grade,Yes,[Not Applicable],0,-0.549062,1,0.833741,0,0,3.5,0,3.5,0,-0.033979,0.205443,-0.779656,0.136099,0.173578,0.173193,1.166239,0.130593
TCGA-K4-A4AC,83,0,0,2,MX,0,II,Muscle invasive urothelial carcinoma (pT2 or above),High Grade,No,Partial Remission/Response,0,-0.567438,1,2.392134,1,1,9,1,5.7,1,0.021637,0.229665,-1.031296,0.291865,0.158934,0.288086,2.186551,0.25531
TCGA-K4-A54R,59,0,0,2,MX,0,II,Muscle invasive urothelial carcinoma (pT2 or above),High Grade,No,Complete Remission/Response,0,-0.729147,0,1.243411,0,0,28,0,28,0,-0.099031,0.080097,-2.396445,0.024467,0.017643,0.044246,0.36894,0.01109
TCGA-K4-A5RJ,75,0,0,2,MX,0,II,Muscle invasive urothelial carcinoma (pT2 or above),High Grade,Yes,Complete Remission/Response,0,-0.575446,1,1.099242,0,0,18,0,18,0,0.022163,0.18577,-0.909731,0.231226,0.139545,0.299324,1.820643,0.208973
TCGA-XF-A8HG,69,0,0,2,MX,0,III,Muscle invasive urothelial carcinoma (pT2 or above),High Grade,Yes,Complete Remission/Response,0,-0.619531,0,0.325879,0,1,16,1,13.3,1,-0.011769,0.231222,-1.341289,0.206576,0.121793,0.185636,1.606096,0.158939
TCGA-XF-A9T0,68,0,0,3,MX,0,III,Muscle invasive urothelial carcinoma (pT2 or above),High Grade,No,Complete Remission/Response,0,-0.580437,1,0.776093,0,0,27,0,27,0,-0.077644,0.173101,-0.745874,0.062913,0.150513,0.10494,0.672473,0.061777
TCGA-XF-AAMY,78,0,0,3,MX,0,III,Muscle invasive urothelial carcinoma (pT2 or above),High Grade,No,Complete Remission/Response,1,-0.635913,0,1.226074,0,0,100,1,21.2,1,0.060717,0.136463,-3.042989,0.264969,0.013017,0.240144,2.120524,0.101387
TCGA-XF-AAN0,68,0,0,4,M0,2,IV,Muscle invasive urothelial carcinoma (pT2 or above),High Grade,Yes,Complete Remission/Response,2,-0.549356,1,0.656112,0,1,57,1,20.1,1,-0.015865,0.200337,-1.0619,0.163788,0.131988,0.193693,1.35366,0.139589
TCGA-XF-AAN2,73,0,0,2,MX,0,II,Muscle invasive urothelial carcinoma (pT2 or above),High Grade,No,Complete Remission/Response,0,-0.584367,0,0.593633,0,1,62,1,62,0,0.058796,0.165267,-0.601742,0.302427,0.008825,0.198743,2.356008,0.094444
TCGA-ZF-A9R2,75,0,0,2,M0,0,II,Muscle invasive urothelial carcinoma (pT2 or above),High Grade,Yes,Complete Remission/Response,0,-0.570675,1,1.084498,0,0,21,0,21,0,0.010017,0.190071,-1.707159,0.20735,0.068303,0.210138,1.65371,0.136356
TCGA-ZF-A9R3,53,1,0,2,M0,0,II,Muscle invasive urothelial carcinoma (pT2 or above),High Grade,,Complete Remission/Response,0,-0.628304,0,1.427679,0,1,32,1,30.6,1,-0.043216,0.146489,-1.633107,0.082312,0.056631,0.117235,0.830276,0.053833
TCGA-ZF-A9R4,83,0,0,2,M0,0,II,Muscle invasive urothelial carcinoma (pT2 or above),High Grade,Yes,Complete Remission/Response,0,-0.692065,0,0.574028,0,0,30.7,0,30.7,0,-0.166393,0.089914,-2.172449,0.010324,0.023505,0.019811,0.203798,0.005283
TCGA-ZF-A9R5,59,0,0,3,M0,0,III,Muscle invasive urothelial carcinoma (pT2 or above),High Grade,,Complete Remission/Response,0,-0.596965,0,0.332629,0,0,36,0,36,0,-0.094636,0.148792,-1.788466,0.042327,0.049346,0.058537,0.516188,0.025808
TCGA-ZF-A9R7,76,1,0,2,M0,0,II,Muscle invasive urothelial carcinoma (pT2 or above),High Grade,No,Complete Remission/Response,0,-0.581852,0,0.968475,0,0,22,0,22,0,0.008628,0.176427,-1.070721,0.188347,0.114654,0.250351,1.539486,0.159316
TCGA-ZF-A9RE,78,1,0,2,MX,1,II,Muscle invasive urothelial carcinoma (pT2 or above),High Grade,No,Progressive Disease,0,-0.580778,0,0.457432,0,1,3.5,1,3.5,1,-0.015356,0.165307,-0.371923,0.132334,0.030634,0.127183,1.170586,0.063258
TCGA-ZF-A9RG,70,1,0,3,MX,0,III,Muscle invasive urothelial carcinoma (pT2 or above),High Grade,No,Complete Remission/Response,0,-0.5579,1,1.424419,0,0,60,1,14.7,1,-0.051748,0.212375,-2.488264,0.114299,0.036398,0.0783,1.015962,0.052053
TCGA-ZF-A9RM,70,0,0,2,MX,0,II,Muscle invasive urothelial carcinoma (pT2 or above),High Grade,No,Complete Remission/Response,0,-0.660781,0,3.775406,1,0,48.5,0,48.5,0,-0.129388,0.170986,-1.039467,0.030895,0.114423,0.049253,0.408988,0.026912
TCGA-ZF-AA4N,74,0,0,4,'--,0,II,Muscle invasive urothelial carcinoma (pT2 or above),High Grade,,Progressive Disease,0,-0.539478,1,0.412839,0,1,3,1,3,1,-0.07754,0.254014,-2.042099,0.108598,0.072232,0.066386,0.952101,0.060907
TCGA-ZF-AA4R,67,0,0,3,MX,1,IV,Muscle invasive urothelial carcinoma (pT2 or above),High Grade,,[Unknown],1,-0.562548,1,0.242402,0,1,35,1,25,1,0.033997,0.176814,-0.785337,0.24966,0.058549,0.263384,1.959065,0.160904
TCGA-ZF-AA4U,70,0,0,4,MX,0,III,Muscle invasive urothelial carcinoma (pT2 or above),High Grade,Yes,Progressive Disease,0,-0.545718,1,0.281276,0,1,9,1,6.6,1,0.176105,0.194118,-1.444337,0.236797,0.089745,0.73783,8.064151,0.644411
TCGA-ZF-AA4X,56,0,0,2,M0,0,II,Muscle invasive urothelial carcinoma (pT2 or above),High Grade,No,Complete Remission/Response,1,-0.566343,1,2.725946,1,0,68,1,55.5,0,-0.095683,0.240969,-0.686688,0.078953,0.035593,0.041506,0.758686,0.032647
TCGA-ZF-AA52,70,0,0,3,MX,0,III,Muscle invasive urothelial carcinoma (pT2 or above),High Grade,,Partial Remission/Response,0,-0.711085,0,0.102837,0,1,36,1,36,1,0.031023,0.07477,-0.700021,0.131018,0.090602,0.34322,1.230142,0.126408
TCGA-ZF-AA54,71,0,0,3,MX,0,III,Muscle invasive urothelial carcinoma (pT2 or above),High Grade,No,[Unknown],0,-0.568309,1,0.138492,0,1,20,1,20,1,-0.058753,0.169038,-0.649791,0.078374,0.160115,0.13592,1.260381,0.079809
TCGA-ZF-AA58,61,1,0,3,MX,2,IV,Muscle invasive urothelial carcinoma (pT2 or above),High Grade,No,Complete Remission/Response,2,-0.548862,1,1.925414,0,0,55,0,55,0,-0.069665,0.237059,-2.296081,0.107291,0.051083,0.066931,0.953669,0.053458
TCGA-ZF-AA5H,60,1,0,3,M0,2,IV,Muscle invasive urothelial carcinoma (pT2 or above),High Grade,Yes,Stable Disease,2,-0.560526,1,1.238847,0,0,30,1,5.9,1,0.077675,0.244475,-0.552581,0.203046,0.183728,0.471857,3.953162,0.462059
TCGA-ZF-AA5P,65,0,0,2,M0,2,IV,Muscle invasive urothelial carcinoma (pT2 or above),High Grade,,Complete Remission/Response,0,-0.605512,0,3.340592,1,0,12.4,0,12.4,0,-0.14424,0.214793,-1.349118,0.034448,0.110297,0.036197,0.428923,0.026223
